dopant,d_enh_pred,dEg_pred,n_train_piezo,mean_log_d,median_log_d,max_log_d,mean_log_d_oxide,mean_gap_all,mean_gap_oxide
Al,1.2469661,0.5053804999999998,94,1.2583419387083365,0.7173962248782373,5.8522024797744745,1.08682019501133,1.4449949431099873,4.042944444444444
Ga,0.80045485,0.5018819999999997,46,1.6593258590793674,1.9935306313710783,4.102081222412385,1.2405944077679447,1.2322798434442268,3.357151898734177
In,1.0339724,0.4196842999999997,28,1.5450243659320244,1.0310352936795923,3.8006957161267163,0.0,0.795634328358209,2.6746818181818184
Mg,0.5035371,0.7988137000000002,85,0.7475305954109441,0.0,3.756732787685222,0.8300538255307801,1.4683719433719433,3.7701559139784946
Cd,0.79236495,0.3644379999999998,51,1.5205734911247188,1.1886874284229263,4.304000065716725,1.365445937516202,1.1454866071428573,2.268057471264368
Co,0.99413157,-1.1617008000000002,9,2.0441545727612014,1.3164961562951856,6.323786231192642,1.4676056564505484,0.027343750000000003,0.01706923076923077
Ni,0.7931131,-1.1626838,34,0.6690452053688055,0.0,3.8096737451246474,0.3702915134603447,0.056100238663484486,0.0986271186440678
Cu,0.7982785,-0.388919,61,1.5462773637171967,1.695169191168173,5.427348556787035,0.9959661926640235,0.5436810176125245,0.562070707070707
Fe,1.8302934,-1.186182,8,1.9250594237553815,2.111711968908142,3.6872948659836977,1.5323024643665262,0.048845070422535206,0.06174074074074074
Mn,1.0440247,-0.4064080000000003,38,1.3750468592065281,1.0213583976504732,5.969446212877554,1.817107653230816,0.1272280701754386,0.1284253731343284
Sn,1.4694968,0.283636,49,1.4586989408767956,0.0040819571349506156,7.332133132472575,0.6394650450011496,1.1347322970639033,2.3472110091743117
Li,2.3822653,0.31749800000000006,161,1.2825731942692362,0.6762658837701231,6.323786231192642,1.537230115650023,1.0309235737351992,1.1404949494949495
Na,1.1600217,1.095287,143,0.8298654907937016,0.0,5.01232617144939,1.1704151358597843,2.874835633626098,3.865062730627306
Ag,1.2889066,0.08385549999999986,94,1.409809136219192,0.0,5.052827214037577,0.8424912145287957,0.9684300884955752,1.3282
V,1.7346866,0.13653460000000006,35,1.3880934396331128,0.7317222464294183,5.168963685192465,1.4296707964892814,0.6864155844155845,1.3496935483870969
Cr,1.7814032,-0.24898280000000028,16,1.006847301783695,0.0,3.625338687037521,2.100790432296188,0.1685505617977528,0.5303783783783784
Y,0.9958879,0.9790476999999997,32,0.6949460435897264,0.0,3.1291350347174363,0.37627229067078993,1.155975871313673,3.073544117647059
Zr,0.85213333,0.6759433000000001,0,,,,,0.7665288753799392,3.079266666666667
La,0.9387327,1.1414736999999997,0,,,,,1.6279473684210526,2.533875
