dopant,x,Eg,d_enh,Eg_sd,logd_sd
V,0.002,3.5283642,1.5657288,0.2154987,0.29534793
V,0.004,3.525186,1.5657288,0.22483987,0.29534793
V,0.006,3.5274136,1.5680324,0.22316478,0.29420578
V,0.008,3.5274136,1.5680324,0.22316478,0.29420578
V,0.01,3.5337474,1.5622934,0.23889306,0.29063806
V,0.012,3.5247505,1.5600581,0.25053835,0.29591435
V,0.014,3.5247505,1.5600581,0.25053835,0.29591435
V,0.016,3.5259254,1.5935568,0.25053525,0.29004902
V,0.018,3.5424025,1.7325376,0.23820111,0.26310694
V,0.02,3.5065343,1.7346866,0.24370448,0.26670778
V,0.022,3.5065343,1.6660364,0.24370448,0.2744986
V,0.024,3.5018623,1.640407,0.24415466,0.28607792
V,0.026,3.498305,1.6123265,0.2387187,0.28622055
V,0.028,3.498305,1.5668646,0.2387187,0.25680026
V,0.03,3.4901412,1.5668646,0.22249803,0.25680026
V,0.032,3.495052,1.565266,0.24282394,0.25718248
V,0.034,3.3943646,1.5667481,0.26604804,0.25716558
V,0.036,3.3959115,1.5539243,0.26178768,0.25489014
V,0.038,3.3799,1.5966492,0.25729913,0.28125888
V,0.04,3.4006622,1.5966492,0.25036025,0.28125888
V,0.042,3.4279892,1.5827258,0.22376753,0.28260466
V,0.044,3.3966627,1.5934192,0.21915439,0.27802846
V,0.046,3.3966627,1.6235503,0.21915439,0.27560756
V,0.048,3.398142,1.6379548,0.24260843,0.28037122
V,0.05,3.3929152,1.5970435,0.27176857,0.28890038
Cr,0.002,3.0852327,1.7987549,0.113906264,0.34053344
Cr,0.004,3.0879846,1.7987549,0.11667949,0.34053344
Cr,0.006,3.090212,1.8012688,0.11530923,0.3396228
Cr,0.008,3.090212,1.8012688,0.11530923,0.3396228
Cr,0.01,3.0912955,1.7881382,0.12339803,0.33095872
Cr,0.012,3.0965462,1.7901877,0.13232179,0.33273277
Cr,0.014,3.0965462,1.7901877,0.13232179,0.33273277
Cr,0.016,3.0987456,1.8205694,0.13174483,0.33258474
Cr,0.018,3.1233463,1.7931972,0.1280919,0.33646327
Cr,0.02,3.121017,1.7814032,0.12684698,0.33836457
Cr,0.022,3.121017,1.9335461,0.12684698,0.3296159
Cr,0.024,3.1187763,1.9669921,0.1329829,0.3401423
Cr,0.026,3.0750656,1.8815131,0.12749451,0.36212212
Cr,0.028,3.0750656,1.8455147,0.12749451,0.33697283
Cr,0.03,3.0750656,1.8455147,0.12749451,0.33697283
Cr,0.032,3.0701866,1.8455147,0.13268174,0.33697283
Cr,0.034,3.044673,1.8040025,0.101908006,0.34737045
Cr,0.036,3.0410416,1.7859287,0.09993674,0.34797758
Cr,0.038,3.0527813,1.7841933,0.109151095,0.34793162
Cr,0.04,3.016234,1.7841933,0.106739834,0.34793162
Cr,0.042,3.0214121,1.7952467,0.10416221,0.35666037
Cr,0.044,3.021788,1.8012073,0.102851264,0.3548984
Cr,0.046,3.028339,1.8111769,0.0939996,0.3515871
Cr,0.048,2.9652522,1.8111769,0.14959462,0.3515871
Cr,0.05,2.9642432,1.7809416,0.14837879,0.3587426
Li,0.002,3.6633806,2.4769847,0.22466569,0.36120996
Li,0.004,3.6568465,2.433839,0.23485053,0.35494018
Li,0.006,3.6568465,2.4453273,0.23485053,0.35716736
Li,0.008,3.6553447,2.4525445,0.23405942,0.37166834
Li,0.01,3.6518512,2.4525445,0.23461492,0.37166834
Li,0.012,3.6518512,2.4497044,0.23461492,0.36815095
Li,0.014,3.6500506,2.416866,0.23396237,0.36270803
Li,0.016,3.6454458,2.4324043,0.23483106,0.3627382
Li,0.018,3.6824822,2.3822653,0.22183535,0.3528286
Li,0.02,3.6874979,2.3822653,0.22663128,0.3528286
Li,0.022,3.6874979,2.3882387,0.22663128,0.3514534
Li,0.024,3.6525896,2.5478878,0.25904492,0.331577
Li,0.026,3.6369722,2.5615346,0.26249418,0.33506566
Li,0.028,3.6369722,2.5267785,0.26249418,0.32629424
Li,0.03,3.6276433,2.5003655,0.27152324,0.32372686
Li,0.032,3.6276433,2.5057395,0.27152324,0.32188734
Li,0.034,3.6369307,2.5596275,0.26074165,0.32327163
Li,0.036,3.6369307,2.5596275,0.26074165,0.32327163
Li,0.038,3.6257794,2.6264048,0.26921874,0.332536
Li,0.04,3.6215627,2.572822,0.2686307,0.32418063
Li,0.042,3.605371,2.5511513,0.2767841,0.32761618
Li,0.044,3.6037443,2.5579126,0.27842122,0.32471308
Li,0.046,3.6299798,2.531155,0.2940497,0.32406855
Li,0.048,3.6299798,2.546413,0.2940497,0.31298754
Li,0.05,3.6299798,2.5343099,0.2940497,0.31507367
Fe,0.002,2.1449018,1.802301,0.11939365,0.30643672
Fe,0.004,2.1476536,1.802301,0.13161992,0.30643672
Fe,0.006,2.1476536,1.8048182,0.13161992,0.30486706
Fe,0.008,2.1476536,1.8048182,0.13161992,0.30486706
Fe,0.01,2.1498811,1.8048182,0.12981978,0.30486706
Fe,0.012,2.1498811,1.7916708,0.12981978,0.2985117
Fe,0.014,2.1509237,1.7916708,0.13215141,0.2985117
Fe,0.016,2.1573157,1.793723,0.13583165,0.29972133
Fe,0.018,2.1834817,1.793723,0.13816054,0.29972133
Fe,0.02,2.1838179,1.8302934,0.13789457,0.30355677
Fe,0.022,2.1845398,1.8028257,0.13688718,0.3071619
Fe,0.024,2.1830153,1.8028257,0.1358458,0.3071619
Fe,0.026,2.1830153,1.7967348,0.1358458,0.31100732
Fe,0.028,2.1830153,1.7652917,0.1358458,0.29048714
Fe,0.03,2.1784453,1.7570106,0.13207564,0.2926249
Fe,0.032,2.162434,1.7993909,0.13495637,0.3194722
Fe,0.034,2.1347346,1.8068031,0.1414456,0.3190033
Fe,0.036,2.1347346,1.8064706,0.1414456,0.31727412
Fe,0.038,2.1347346,1.8040216,0.1414456,0.3256289
Fe,0.04,2.1347346,1.705436,0.1414456,0.31719092
Fe,0.042,2.1321735,1.7000358,0.14170662,0.32079625
Fe,0.044,2.13085,1.8597823,0.14305189,0.30346546
Fe,0.046,2.1234202,1.8478835,0.13940372,0.30408046
Fe,0.048,2.1149356,1.8478835,0.1400695,0.30408046
Fe,0.05,2.106772,1.8041438,0.1361699,0.31294996
Al,0.002,3.8419073,1.2579813,0.20771319,0.32335955
Al,0.004,3.8331454,1.3100573,0.21841481,0.3120107
Al,0.006,3.83687,1.3100573,0.21818301,0.3120107
Al,0.008,3.8368952,1.3147854,0.21818231,0.3106219
Al,0.01,3.8368952,1.3147854,0.21818231,0.3106219
Al,0.012,3.8326693,1.3147854,0.21091406,0.3106219
Al,0.014,3.839947,1.304938,0.19930635,0.30704126
Al,0.016,3.8393538,1.304938,0.20005181,0.30704126
Al,0.018,3.8401766,1.2469661,0.20170857,0.27968293
Al,0.02,3.8753803,1.2469661,0.17667983,0.27968293
Al,0.022,3.8753803,1.3129468,0.17667983,0.25558937
Al,0.024,3.8730822,1.3393428,0.18020678,0.24638678
Al,0.026,3.8730822,1.3393428,0.18020678,0.24638678
Al,0.028,3.869435,1.4724363,0.18691194,0.24573483
Al,0.03,3.8722122,1.4811761,0.18788426,0.22935426
Al,0.032,3.8695655,1.4272153,0.18775523,0.253368
Al,0.034,3.8694506,1.4503977,0.18780985,0.25883406
Al,0.036,3.878738,1.429866,0.17670806,0.2707325
Al,0.038,3.878738,1.4837098,0.17670806,0.2440444
Al,0.04,3.8528934,1.4750489,0.168697,0.24966115
Al,0.042,3.8665366,1.5029448,0.17118731,0.24082574
Al,0.044,3.8665366,1.5201966,0.17118731,0.24994259
Al,0.046,3.8274877,1.5060937,0.22920376,0.25073725
Al,0.048,3.7993124,1.4895087,0.2152646,0.243857
Al,0.05,3.797989,1.5284693,0.21591419,0.2447753
